id,firstname,lastname,age
1,John,Doe,25
2,Alice,Smith,30
3,Bob,Johnson,22
4,Emma,Brown,28
5,Liam,Jones,35
6,Olivia,Miller,27
7,Noah,Davis,24
8,Ava,García,29
9,Elijah,Rodriguez,32
10,Sophia,Martinez,21
11,James,Hernandez,33
12,Mia,Lopez,26
13,William,Walker,34
14,Isabella,Hall,23
15,Oliver,Young,31
16,Charlotte,Allen,28
17,Lucas,Sanchez,25
18,Amelia,Wright,22
19,Henry,King,27
20,Evelyn,Scott,30
21,Alexander,Green,26
22,Harper,Adams,29
23,Jackson,Baker,24
24,Grace,Nelson,35
25,Daniel,Carter,32
26,Sofia,Mitchell,21
27,Matthew,Perez,33
28,Chloe,Roberts,30
29,David,Turner,28
30,Layla,Phillips,25
31,Joseph,Campbell,24
32,Scarlett,Evans,27
33,Samuel,Torres,22
34,Aria,Edwards,29
35,Isaiah,Stewart,35
36,Zoe,Flores,32
37,Andrew,Nguyen,31
38,Ruby,Washington,26
39,Wyatt,Butler,25
40,Lily,Simmons,28
41,Caleb,Hughes,22
42,Nora,Price,27
43,Anthony,James,24
44,Ellie,Kim,29
45,Christopher,Gray,34
46,Addison,Reyes,21
47,Dylan,Bennett,33
48,Aubrey,Wood,30
49,Lucas,James,35
50,Mila,Morris,26
51,Henry,Howard,32
52,Lucy,Thompson,21
53,Matthew,Garcia,28
54,Chloe,Martinez,29
55,Ethan,Robinson,30
56,Samantha,Clark,27
57,Owen,Lopez,22
58,Ava,Wilson,35
59,Isabella,Walker,34
60,Oliver,Allen,33
61,Grace,Young,30
62,James,Scott,25
63,Sophia,Lee,26
64,Liam,Hall,29
65,Mia,Hernandez,31
66,William,King,24
67,Harper,Wright,22
68,Jackson,Brown,28
69,Abigail,Nelson,27
70,Lucas,Torres,35
71,Evelyn,Roberts,32
72,Zoe,Evans,29
73,Sofia,Stewart,30
74,Benjamin,Turner,25
75,Ruby,Phillips,28
76,Isaiah,Carter,21
77,Nora,Mitchell,33
78,Dylan,Campbell,34
79,Lily,Baker,26
80,Oliver,Adams,22
81,Aubrey,Young,35
82,Jack,Hall,30
83,Leah,Walker,29
84,Emily,Martinez,24
85,Jacob,James,27
86,Chloe,Wilson,23
87,Henry,Lopez,31
88,Grace,Lee,30
89,Isaiah,Robinson,28
90,Evelyn,Hernandez,26
91,Owen,Garcia,21
92,Samantha,Thompson,35
93,Logan,Martinez,34
94,Layla,Brown,32
95,Caleb,Johnson,29
96,Addison,Baker,25
97,Mason,Nelson,24
98,Ruby,White,23
99,James,Gonzalez,31
100,Sofia,Reyes,30
1,John,Doe,25
2,Alice,Smith,30
3,Bob,Johnson,22
4,Emma,Brown,28
5,Liam,Jones,35
6,Olivia,Miller,27
7,Noah,Davis,24
8,Ava,García,29
9,Elijah,Rodriguez,32
10,Sophia,Martinez,21
11,James,Hernandez,33
12,Mia,Lopez,26
13,William,Walker,34
14,Isabella,Hall,23
15,Oliver,Young,31
16,Charlotte,Allen,28
17,Lucas,Sanchez,25
18,Amelia,Wright,22
19,Henry,King,27
20,Evelyn,Scott,30
21,Alexander,Green,26
22,Harper,Adams,29
23,Jackson,Baker,24
24,Grace,Nelson,35
25,Daniel,Carter,32
26,Sofia,Mitchell,21
27,Matthew,Perez,33
28,Chloe,Roberts,30
29,David,Turner,28
30,Layla,Phillips,25
31,Joseph,Campbell,24
32,Scarlett,Evans,27
33,Samuel,Torres,22
34,Aria,Edwards,29
35,Isaiah,Stewart,35
36,Zoe,Flores,32
37,Andrew,Nguyen,31
38,Ruby,Washington,26
39,Wyatt,Butler,25
40,Lily,Simmons,28
41,Caleb,Hughes,22
42,Nora,Price,27
43,Anthony,James,24
44,Ellie,Kim,29
45,Christopher,Gray,34
46,Addison,Reyes,21
47,Dylan,Bennett,33
48,Aubrey,Wood,30
49,Lucas,James,35
50,Mila,Morris,26
51,Henry,Howard,32
52,Lucy,Thompson,21
53,Matthew,Garcia,28
54,Chloe,Martinez,29
55,Ethan,Robinson,30
56,Samantha,Clark,27
57,Owen,Lopez,22
58,Ava,Wilson,35
59,Isabella,Walker,34
60,Oliver,Allen,33
61,Grace,Young,30
62,James,Scott,25
63,Sophia,Lee,26
64,Liam,Hall,29
65,Mia,Hernandez,31
66,William,King,24
67,Harper,Wright,22
68,Jackson,Brown,28
69,Abigail,Nelson,27
70,Lucas,Torres,35
71,Evelyn,Roberts,32
72,Zoe,Evans,29
73,Sofia,Stewart,30
74,Benjamin,Turner,25
75,Ruby,Phillips,28
76,Isaiah,Carter,21
77,Nora,Mitchell,33
78,Dylan,Campbell,34
79,Lily,Baker,26
80,Oliver,Adams,22
81,Aubrey,Young,35
82,Jack,Hall,30
83,Leah,Walker,29
84,Emily,Martinez,24
85,Jacob,James,27
86,Chloe,Wilson,23
87,Henry,Lopez,31
88,Grace,Lee,30
89,Isaiah,Robinson,28
90,Evelyn,Hernandez,26
91,Owen,Garcia,21
92,Samantha,Thompson,35
93,Logan,Martinez,34
94,Layla,Brown,32
95,Caleb,Johnson,29
96,Addison,Baker,25
97,Mason,Nelson,24
98,Ruby,White,23
99,James,Gonzalez,31
100,Sofia,Reyes,30
1,John,Doe,25
2,Alice,Smith,30
3,Bob,Johnson,22
4,Emma,Brown,28
5,Liam,Jones,35
6,Olivia,Miller,27
7,Noah,Davis,24
8,Ava,García,29
9,Elijah,Rodriguez,32
10,Sophia,Martinez,21
11,James,Hernandez,33
12,Mia,Lopez,26
13,William,Walker,34
14,Isabella,Hall,23
15,Oliver,Young,31
16,Charlotte,Allen,28
17,Lucas,Sanchez,25
18,Amelia,Wright,22
19,Henry,King,27
20,Evelyn,Scott,30
21,Alexander,Green,26
22,Harper,Adams,29
23,Jackson,Baker,24
24,Grace,Nelson,35
25,Daniel,Carter,32
26,Sofia,Mitchell,21
27,Matthew,Perez,33
28,Chloe,Roberts,30
29,David,Turner,28
30,Layla,Phillips,25
31,Joseph,Campbell,24
32,Scarlett,Evans,27
33,Samuel,Torres,22
34,Aria,Edwards,29
35,Isaiah,Stewart,35
36,Zoe,Flores,32
37,Andrew,Nguyen,31
38,Ruby,Washington,26
39,Wyatt,Butler,25
40,Lily,Simmons,28
41,Caleb,Hughes,22
42,Nora,Price,27
43,Anthony,James,24
44,Ellie,Kim,29
45,Christopher,Gray,34
46,Addison,Reyes,21
47,Dylan,Bennett,33
48,Aubrey,Wood,30
49,Lucas,James,35
50,Mila,Morris,26
51,Henry,Howard,32
52,Lucy,Thompson,21
53,Matthew,Garcia,28
54,Chloe,Martinez,29
55,Ethan,Robinson,30
56,Samantha,Clark,27
57,Owen,Lopez,22
58,Ava,Wilson,35
59,Isabella,Walker,34
60,Oliver,Allen,33
61,Grace,Young,30
62,James,Scott,25
63,Sophia,Lee,26
64,Liam,Hall,29
65,Mia,Hernandez,31
66,William,King,24
67,Harper,Wright,22
68,Jackson,Brown,28
69,Abigail,Nelson,27
70,Lucas,Torres,35
71,Evelyn,Roberts,32
72,Zoe,Evans,29
73,Sofia,Stewart,30
74,Benjamin,Turner,25
75,Ruby,Phillips,28
76,Isaiah,Carter,21
77,Nora,Mitchell,33
78,Dylan,Campbell,34
79,Lily,Baker,26
80,Oliver,Adams,22
81,Aubrey,Young,35
82,Jack,Hall,30
83,Leah,Walker,29
84,Emily,Martinez,24
85,Jacob,James,27
86,Chloe,Wilson,23
87,Henry,Lopez,31
88,Grace,Lee,30
89,Isaiah,Robinson,28
90,Evelyn,Hernandez,26
91,Owen,Garcia,21
92,Samantha,Thompson,35
93,Logan,Martinez,34
94,Layla,Brown,32
95,Caleb,Johnson,29
96,Addison,Baker,25
97,Mason,Nelson,24
98,Ruby,White,23
99,James,Gonzalez,31
100,Sofia,Reyes,30
1,John,Doe,25
2,Alice,Smith,30
3,Bob,Johnson,22
4,Emma,Brown,28
5,Liam,Jones,35
6,Olivia,Miller,27
7,Noah,Davis,24
8,Ava,García,29
9,Elijah,Rodriguez,32
10,Sophia,Martinez,21
11,James,Hernandez,33
12,Mia,Lopez,26
13,William,Walker,34
14,Isabella,Hall,23
15,Oliver,Young,31
16,Charlotte,Allen,28
17,Lucas,Sanchez,25
18,Amelia,Wright,22
19,Henry,King,27
20,Evelyn,Scott,30
21,Alexander,Green,26
22,Harper,Adams,29
23,Jackson,Baker,24
24,Grace,Nelson,35
25,Daniel,Carter,32
26,Sofia,Mitchell,21
27,Matthew,Perez,33
28,Chloe,Roberts,30
29,David,Turner,28
30,Layla,Phillips,25
31,Joseph,Campbell,24
32,Scarlett,Evans,27
33,Samuel,Torres,22
34,Aria,Edwards,29
35,Isaiah,Stewart,35
36,Zoe,Flores,32
37,Andrew,Nguyen,31
38,Ruby,Washington,26
39,Wyatt,Butler,25
40,Lily,Simmons,28
41,Caleb,Hughes,22
42,Nora,Price,27
43,Anthony,James,24
44,Ellie,Kim,29
45,Christopher,Gray,34
46,Addison,Reyes,21
47,Dylan,Bennett,33
48,Aubrey,Wood,30
49,Lucas,James,35
50,Mila,Morris,26
51,Henry,Howard,32
52,Lucy,Thompson,21
53,Matthew,Garcia,28
54,Chloe,Martinez,29
55,Ethan,Robinson,30
56,Samantha,Clark,27
57,Owen,Lopez,22
58,Ava,Wilson,35
59,Isabella,Walker,34
60,Oliver,Allen,33
61,Grace,Young,30
62,James,Scott,25
63,Sophia,Lee,26
64,Liam,Hall,29
65,Mia,Hernandez,31
66,William,King,24
67,Harper,Wright,22
68,Jackson,Brown,28
69,Abigail,Nelson,27
70,Lucas,Torres,35
71,Evelyn,Roberts,32
72,Zoe,Evans,29
73,Sofia,Stewart,30
74,Benjamin,Turner,25
75,Ruby,Phillips,28
76,Isaiah,Carter,21
77,Nora,Mitchell,33
78,Dylan,Campbell,34
79,Lily,Baker,26
80,Oliver,Adams,22
81,Aubrey,Young,35
82,Jack,Hall,30
83,Leah,Walker,29
84,Emily,Martinez,24
85,Jacob,James,27
86,Chloe,Wilson,23
87,Henry,Lopez,31
88,Grace,Lee,30
89,Isaiah,Robinson,28
90,Evelyn,Hernandez,26
91,Owen,Garcia,21
92,Samantha,Thompson,35
93,Logan,Martinez,34
94,Layla,Brown,32
95,Caleb,Johnson,29
96,Addison,Baker,25
97,Mason,Nelson,24
98,Ruby,White,23
99,James,Gonzalez,31
100,Sofia,Reyes,30
1,John,Doe,25
2,Alice,Smith,30
3,Bob,Johnson,22
4,Emma,Brown,28
5,Liam,Jones,35
6,Olivia,Miller,27
7,Noah,Davis,24
8,Ava,García,29
9,Elijah,Rodriguez,32
10,Sophia,Martinez,21
11,James,Hernandez,33
12,Mia,Lopez,26
13,William,Walker,34
14,Isabella,Hall,23
15,Oliver,Young,31
16,Charlotte,Allen,28
17,Lucas,Sanchez,25
18,Amelia,Wright,22
19,Henry,King,27
20,Evelyn,Scott,30
21,Alexander,Green,26
22,Harper,Adams,29
23,Jackson,Baker,24
24,Grace,Nelson,35
25,Daniel,Carter,32
26,Sofia,Mitchell,21
27,Matthew,Perez,33
28,Chloe,Roberts,30
29,David,Turner,28
30,Layla,Phillips,25
31,Joseph,Campbell,24
32,Scarlett,Evans,27
33,Samuel,Torres,22
34,Aria,Edwards,29
35,Isaiah,Stewart,35
36,Zoe,Flores,32
37,Andrew,Nguyen,31
38,Ruby,Washington,26
39,Wyatt,Butler,25
40,Lily,Simmons,28
41,Caleb,Hughes,22
42,Nora,Price,27
43,Anthony,James,24
44,Ellie,Kim,29
45,Christopher,Gray,34
46,Addison,Reyes,21
47,Dylan,Bennett,33
48,Aubrey,Wood,30
49,Lucas,James,35
50,Mila,Morris,26
51,Henry,Howard,32
52,Lucy,Thompson,21
53,Matthew,Garcia,28
54,Chloe,Martinez,29
55,Ethan,Robinson,30
56,Samantha,Clark,27
57,Owen,Lopez,22
58,Ava,Wilson,35
59,Isabella,Walker,34
60,Oliver,Allen,33
61,Grace,Young,30
62,James,Scott,25
63,Sophia,Lee,26
64,Liam,Hall,29
65,Mia,Hernandez,31
66,William,King,24
67,Harper,Wright,22
68,Jackson,Brown,28
69,Abigail,Nelson,27
70,Lucas,Torres,35
71,Evelyn,Roberts,32
72,Zoe,Evans,29
73,Sofia,Stewart,30
74,Benjamin,Turner,25
75,Ruby,Phillips,28
76,Isaiah,Carter,21
77,Nora,Mitchell,33
78,Dylan,Campbell,34
79,Lily,Baker,26
80,Oliver,Adams,22
81,Aubrey,Young,35
82,Jack,Hall,30
83,Leah,Walker,29
84,Emily,Martinez,24
85,Jacob,James,27
86,Chloe,Wilson,23
87,Henry,Lopez,31
88,Grace,Lee,30
89,Isaiah,Robinson,28
90,Evelyn,Hernandez,26
91,Owen,Garcia,21
92,Samantha,Thompson,35
93,Logan,Martinez,34
94,Layla,Brown,32
95,Caleb,Johnson,29
96,Addison,Baker,25
97,Mason,Nelson,24
98,Ruby,White,23
99,James,Gonzalez,31
100,Sofia,Reyes,30
1,John,Doe,25
2,Alice,Smith,30
3,Bob,Johnson,22
4,Emma,Brown,28
5,Liam,Jones,35
6,Olivia,Miller,27
7,Noah,Davis,24
8,Ava,García,29
9,Elijah,Rodriguez,32
10,Sophia,Martinez,21
11,James,Hernandez,33
12,Mia,Lopez,26
13,William,Walker,34
14,Isabella,Hall,23
15,Oliver,Young,31
16,Charlotte,Allen,28
17,Lucas,Sanchez,25
18,Amelia,Wright,22
19,Henry,King,27
20,Evelyn,Scott,30
21,Alexander,Green,26
22,Harper,Adams,29
23,Jackson,Baker,24
24,Grace,Nelson,35
25,Daniel,Carter,32
26,Sofia,Mitchell,21
27,Matthew,Perez,33
28,Chloe,Roberts,30
29,David,Turner,28
30,Layla,Phillips,25
31,Joseph,Campbell,24
32,Scarlett,Evans,27
33,Samuel,Torres,22
34,Aria,Edwards,29
35,Isaiah,Stewart,35
36,Zoe,Flores,32
37,Andrew,Nguyen,31
38,Ruby,Washington,26
39,Wyatt,Butler,25
40,Lily,Simmons,28
41,Caleb,Hughes,22
42,Nora,Price,27
43,Anthony,James,24
44,Ellie,Kim,29
45,Christopher,Gray,34
46,Addison,Reyes,21
47,Dylan,Bennett,33
48,Aubrey,Wood,30
49,Lucas,James,35
50,Mila,Morris,26
51,Henry,Howard,32
52,Lucy,Thompson,21
53,Matthew,Garcia,28
54,Chloe,Martinez,29
55,Ethan,Robinson,30
56,Samantha,Clark,27
57,Owen,Lopez,22
58,Ava,Wilson,35
59,Isabella,Walker,34
60,Oliver,Allen,33
61,Grace,Young,30
62,James,Scott,25
63,Sophia,Lee,26
64,Liam,Hall,29
65,Mia,Hernandez,31
66,William,King,24
67,Harper,Wright,22
68,Jackson,Brown,28
69,Abigail,Nelson,27
70,Lucas,Torres,35
71,Evelyn,Roberts,32
72,Zoe,Evans,29
73,Sofia,Stewart,30
74,Benjamin,Turner,25
75,Ruby,Phillips,28
76,Isaiah,Carter,21
77,Nora,Mitchell,33
78,Dylan,Campbell,34
79,Lily,Baker,26
80,Oliver,Adams,22
81,Aubrey,Young,35
82,Jack,Hall,30
83,Leah,Walker,29
84,Emily,Martinez,24
85,Jacob,James,27
86,Chloe,Wilson,23
87,Henry,Lopez,31
88,Grace,Lee,30
89,Isaiah,Robinson,28
90,Evelyn,Hernandez,26
91,Owen,Garcia,21
92,Samantha,Thompson,35
93,Logan,Martinez,34
94,Layla,Brown,32
95,Caleb,Johnson,29
96,Addison,Baker,25
97,Mason,Nelson,24
98,Ruby,White,23
99,James,Gonzalez,31
100,Sofia,Reyes,30
1,John,Doe,25
2,Alice,Smith,30
3,Bob,Johnson,22
4,Emma,Brown,28
5,Liam,Jones,35
6,Olivia,Miller,27
7,Noah,Davis,24
8,Ava,García,29
9,Elijah,Rodriguez,32
10,Sophia,Martinez,21
11,James,Hernandez,33
12,Mia,Lopez,26
13,William,Walker,34
14,Isabella,Hall,23
15,Oliver,Young,31
16,Charlotte,Allen,28
17,Lucas,Sanchez,25
18,Amelia,Wright,22
19,Henry,King,27
20,Evelyn,Scott,30
21,Alexander,Green,26
22,Harper,Adams,29
23,Jackson,Baker,24
24,Grace,Nelson,35
25,Daniel,Carter,32
26,Sofia,Mitchell,21
27,Matthew,Perez,33
28,Chloe,Roberts,30
29,David,Turner,28
30,Layla,Phillips,25
31,Joseph,Campbell,24
32,Scarlett,Evans,27
33,Samuel,Torres,22
34,Aria,Edwards,29
35,Isaiah,Stewart,35
36,Zoe,Flores,32
37,Andrew,Nguyen,31
38,Ruby,Washington,26
39,Wyatt,Butler,25
40,Lily,Simmons,28
41,Caleb,Hughes,22
42,Nora,Price,27
43,Anthony,James,24
44,Ellie,Kim,29
45,Christopher,Gray,34
46,Addison,Reyes,21
47,Dylan,Bennett,33
48,Aubrey,Wood,30
49,Lucas,James,35
50,Mila,Morris,26
51,Henry,Howard,32
52,Lucy,Thompson,21
53,Matthew,Garcia,28
54,Chloe,Martinez,29
55,Ethan,Robinson,30
56,Samantha,Clark,27
57,Owen,Lopez,22
58,Ava,Wilson,35
59,Isabella,Walker,34
60,Oliver,Allen,33
61,Grace,Young,30
62,James,Scott,25
63,Sophia,Lee,26
64,Liam,Hall,29
65,Mia,Hernandez,31
66,William,King,24
67,Harper,Wright,22
68,Jackson,Brown,28
69,Abigail,Nelson,27
70,Lucas,Torres,35
71,Evelyn,Roberts,32
72,Zoe,Evans,29
73,Sofia,Stewart,30
74,Benjamin,Turner,25
75,Ruby,Phillips,28
76,Isaiah,Carter,21
77,Nora,Mitchell,33
78,Dylan,Campbell,34
79,Lily,Baker,26
80,Oliver,Adams,22
81,Aubrey,Young,35
82,Jack,Hall,30
83,Leah,Walker,29
84,Emily,Martinez,24
85,Jacob,James,27
86,Chloe,Wilson,23
87,Henry,Lopez,31
88,Grace,Lee,30
89,Isaiah,Robinson,28
90,Evelyn,Hernandez,26
91,Owen,Garcia,21
92,Samantha,Thompson,35
93,Logan,Martinez,34
94,Layla,Brown,32
95,Caleb,Johnson,29
96,Addison,Baker,25
97,Mason,Nelson,24
98,Ruby,White,23
99,James,Gonzalez,31
100,Sofia,Reyes,30
1,John,Doe,25
2,Alice,Smith,30
3,Bob,Johnson,22
4,Emma,Brown,28
5,Liam,Jones,35
6,Olivia,Miller,27
7,Noah,Davis,24
8,Ava,García,29
9,Elijah,Rodriguez,32
10,Sophia,Martinez,21
11,James,Hernandez,33
12,Mia,Lopez,26
13,William,Walker,34
14,Isabella,Hall,23
15,Oliver,Young,31
16,Charlotte,Allen,28
17,Lucas,Sanchez,25
18,Amelia,Wright,22
19,Henry,King,27
20,Evelyn,Scott,30
21,Alexander,Green,26
22,Harper,Adams,29
23,Jackson,Baker,24
24,Grace,Nelson,35
25,Daniel,Carter,32
26,Sofia,Mitchell,21
27,Matthew,Perez,33
28,Chloe,Roberts,30
29,David,Turner,28
30,Layla,Phillips,25
31,Joseph,Campbell,24
32,Scarlett,Evans,27
33,Samuel,Torres,22
34,Aria,Edwards,29
35,Isaiah,Stewart,35
36,Zoe,Flores,32
37,Andrew,Nguyen,31
38,Ruby,Washington,26
39,Wyatt,Butler,25
40,Lily,Simmons,28
41,Caleb,Hughes,22
42,Nora,Price,27
43,Anthony,James,24
44,Ellie,Kim,29
45,Christopher,Gray,34
46,Addison,Reyes,21
47,Dylan,Bennett,33
48,Aubrey,Wood,30
49,Lucas,James,35
50,Mila,Morris,26
51,Henry,Howard,32
52,Lucy,Thompson,21
53,Matthew,Garcia,28
54,Chloe,Martinez,29
55,Ethan,Robinson,30
56,Samantha,Clark,27
57,Owen,Lopez,22
58,Ava,Wilson,35
59,Isabella,Walker,34
60,Oliver,Allen,33
61,Grace,Young,30
62,James,Scott,25
63,Sophia,Lee,26
64,Liam,Hall,29
65,Mia,Hernandez,31
66,William,King,24
67,Harper,Wright,22
68,Jackson,Brown,28
69,Abigail,Nelson,27
70,Lucas,Torres,35
71,Evelyn,Roberts,32
72,Zoe,Evans,29
73,Sofia,Stewart,30
74,Benjamin,Turner,25
75,Ruby,Phillips,28
76,Isaiah,Carter,21
77,Nora,Mitchell,33
78,Dylan,Campbell,34
79,Lily,Baker,26
80,Oliver,Adams,22
81,Aubrey,Young,35
82,Jack,Hall,30
83,Leah,Walker,29
84,Emily,Martinez,24
85,Jacob,James,27
86,Chloe,Wilson,23
87,Henry,Lopez,31
88,Grace,Lee,30
89,Isaiah,Robinson,28
90,Evelyn,Hernandez,26
91,Owen,Garcia,21
92,Samantha,Thompson,35
93,Logan,Martinez,34
94,Layla,Brown,32
95,Caleb,Johnson,29
96,Addison,Baker,25
97,Mason,Nelson,24
98,Ruby,White,23
99,James,Gonzalez,31
100,Sofia,Reyes,30
1,John,Doe,25
2,Alice,Smith,30
3,Bob,Johnson,22
4,Emma,Brown,28
5,Liam,Jones,35
6,Olivia,Miller,27
7,Noah,Davis,24
8,Ava,García,29
9,Elijah,Rodriguez,32
10,Sophia,Martinez,21
11,James,Hernandez,33
12,Mia,Lopez,26
13,William,Walker,34
14,Isabella,Hall,23
15,Oliver,Young,31
16,Charlotte,Allen,28
17,Lucas,Sanchez,25
18,Amelia,Wright,22
19,Henry,King,27
20,Evelyn,Scott,30
21,Alexander,Green,26
22,Harper,Adams,29
23,Jackson,Baker,24
24,Grace,Nelson,35
25,Daniel,Carter,32
26,Sofia,Mitchell,21
27,Matthew,Perez,33
28,Chloe,Roberts,30
29,David,Turner,28
30,Layla,Phillips,25
31,Joseph,Campbell,24
32,Scarlett,Evans,27
33,Samuel,Torres,22
34,Aria,Edwards,29
35,Isaiah,Stewart,35
36,Zoe,Flores,32
37,Andrew,Nguyen,31
38,Ruby,Washington,26
39,Wyatt,Butler,25
40,Lily,Simmons,28
41,Caleb,Hughes,22
42,Nora,Price,27
43,Anthony,James,24
44,Ellie,Kim,29
45,Christopher,Gray,34
46,Addison,Reyes,21
47,Dylan,Bennett,33
48,Aubrey,Wood,30
49,Lucas,James,35
50,Mila,Morris,26
51,Henry,Howard,32
52,Lucy,Thompson,21
53,Matthew,Garcia,28
54,Chloe,Martinez,29
55,Ethan,Robinson,30
56,Samantha,Clark,27
57,Owen,Lopez,22
58,Ava,Wilson,35
59,Isabella,Walker,34
60,Oliver,Allen,33
61,Grace,Young,30
62,James,Scott,25
63,Sophia,Lee,26
64,Liam,Hall,29
65,Mia,Hernandez,31
66,William,King,24
67,Harper,Wright,22
68,Jackson,Brown,28
69,Abigail,Nelson,27
70,Lucas,Torres,35
71,Evelyn,Roberts,32
72,Zoe,Evans,29
73,Sofia,Stewart,30
74,Benjamin,Turner,25
75,Ruby,Phillips,28
76,Isaiah,Carter,21
77,Nora,Mitchell,33
78,Dylan,Campbell,34
79,Lily,Baker,26
80,Oliver,Adams,22
81,Aubrey,Young,35
82,Jack,Hall,30
83,Leah,Walker,29
84,Emily,Martinez,24
85,Jacob,James,27
86,Chloe,Wilson,23
87,Henry,Lopez,31
88,Grace,Lee,30
89,Isaiah,Robinson,28
90,Evelyn,Hernandez,26
91,Owen,Garcia,21
92,Samantha,Thompson,35
93,Logan,Martinez,34
94,Layla,Brown,32
95,Caleb,Johnson,29
96,Addison,Baker,25
97,Mason,Nelson,24
98,Ruby,White,23
99,James,Gonzalez,31
100,Sofia,Reyes,30
1,John,Doe,25
2,Alice,Smith,30
3,Bob,Johnson,22
4,Emma,Brown,28
5,Liam,Jones,35
6,Olivia,Miller,27
7,Noah,Davis,24
8,Ava,García,29
9,Elijah,Rodriguez,32
10,Sophia,Martinez,21
11,James,Hernandez,33
12,Mia,Lopez,26
13,William,Walker,34
14,Isabella,Hall,23
15,Oliver,Young,31
16,Charlotte,Allen,28
17,Lucas,Sanchez,25
18,Amelia,Wright,22
19,Henry,King,27
20,Evelyn,Scott,30
21,Alexander,Green,26
22,Harper,Adams,29
23,Jackson,Baker,24
24,Grace,Nelson,35
25,Daniel,Carter,32
26,Sofia,Mitchell,21
27,Matthew,Perez,33
28,Chloe,Roberts,30
29,David,Turner,28
30,Layla,Phillips,25
31,Joseph,Campbell,24
32,Scarlett,Evans,27
33,Samuel,Torres,22
34,Aria,Edwards,29
35,Isaiah,Stewart,35
36,Zoe,Flores,32
37,Andrew,Nguyen,31
38,Ruby,Washington,26
39,Wyatt,Butler,25
40,Lily,Simmons,28
41,Caleb,Hughes,22
42,Nora,Price,27
43,Anthony,James,24
44,Ellie,Kim,29
45,Christopher,Gray,34
46,Addison,Reyes,21
47,Dylan,Bennett,33
48,Aubrey,Wood,30
49,Lucas,James,35
50,Mila,Morris,26
51,Henry,Howard,32
52,Lucy,Thompson,21
53,Matthew,Garcia,28
54,Chloe,Martinez,29
55,Ethan,Robinson,30
56,Samantha,Clark,27
57,Owen,Lopez,22
58,Ava,Wilson,35
59,Isabella,Walker,34
60,Oliver,Allen,33
61,Grace,Young,30
62,James,Scott,25
63,Sophia,Lee,26
64,Liam,Hall,29
65,Mia,Hernandez,31
66,William,King,24
67,Harper,Wright,22
68,Jackson,Brown,28
69,Abigail,Nelson,27
70,Lucas,Torres,35
71,Evelyn,Roberts,32
72,Zoe,Evans,29
73,Sofia,Stewart,30
74,Benjamin,Turner,25
75,Ruby,Phillips,28
76,Isaiah,Carter,21
77,Nora,Mitchell,33
78,Dylan,Campbell,34
79,Lily,Baker,26
80,Oliver,Adams,22
81,Aubrey,Young,35
82,Jack,Hall,30
83,Leah,Walker,29
84,Emily,Martinez,24
85,Jacob,James,27
86,Chloe,Wilson,23
87,Henry,Lopez,31
88,Grace,Lee,30
89,Isaiah,Robinson,28
90,Evelyn,Hernandez,26
91,Owen,Garcia,21
92,Samantha,Thompson,35
93,Logan,Martinez,34
94,Layla,Brown,32
95,Caleb,Johnson,29
96,Addison,Baker,25
97,Mason,Nelson,24
98,Ruby,White,23
99,James,Gonzalez,31
100,Sofia,Reyes,30
1,John,Doe,25
2,Alice,Smith,30
3,Bob,Johnson,22
4,Emma,Brown,28
5,Liam,Jones,35
6,Olivia,Miller,27
7,Noah,Davis,24
8,Ava,García,29
9,Elijah,Rodriguez,32
10,Sophia,Martinez,21
11,James,Hernandez,33
12,Mia,Lopez,26
13,William,Walker,34
14,Isabella,Hall,23
15,Oliver,Young,31
16,Charlotte,Allen,28
17,Lucas,Sanchez,25
18,Amelia,Wright,22
19,Henry,King,27
20,Evelyn,Scott,30
21,Alexander,Green,26
22,Harper,Adams,29
23,Jackson,Baker,24
24,Grace,Nelson,35
25,Daniel,Carter,32
26,Sofia,Mitchell,21
27,Matthew,Perez,33
28,Chloe,Roberts,30
29,David,Turner,28
30,Layla,Phillips,25
31,Joseph,Campbell,24
32,Scarlett,Evans,27
33,Samuel,Torres,22
34,Aria,Edwards,29
35,Isaiah,Stewart,35
36,Zoe,Flores,32
37,Andrew,Nguyen,31
38,Ruby,Washington,26
39,Wyatt,Butler,25
40,Lily,Simmons,28
41,Caleb,Hughes,22
42,Nora,Price,27
43,Anthony,James,24
44,Ellie,Kim,29
45,Christopher,Gray,34
46,Addison,Reyes,21
47,Dylan,Bennett,33
48,Aubrey,Wood,30
49,Lucas,James,35
50,Mila,Morris,26
51,Henry,Howard,32
52,Lucy,Thompson,21
53,Matthew,Garcia,28
54,Chloe,Martinez,29
55,Ethan,Robinson,30
56,Samantha,Clark,27
57,Owen,Lopez,22
58,Ava,Wilson,35
59,Isabella,Walker,34
60,Oliver,Allen,33
61,Grace,Young,30
62,James,Scott,25
63,Sophia,Lee,26
64,Liam,Hall,29
65,Mia,Hernandez,31
66,William,King,24
67,Harper,Wright,22
68,Jackson,Brown,28
69,Abigail,Nelson,27
70,Lucas,Torres,35
71,Evelyn,Roberts,32
72,Zoe,Evans,29
73,Sofia,Stewart,30
74,Benjamin,Turner,25
75,Ruby,Phillips,28
76,Isaiah,Carter,21
77,Nora,Mitchell,33
78,Dylan,Campbell,34
79,Lily,Baker,26
80,Oliver,Adams,22
81,Aubrey,Young,35
82,Jack,Hall,30
83,Leah,Walker,29
84,Emily,Martinez,24
85,Jacob,James,27
86,Chloe,Wilson,23
87,Henry,Lopez,31
88,Grace,Lee,30
89,Isaiah,Robinson,28
90,Evelyn,Hernandez,26
91,Owen,Garcia,21
92,Samantha,Thompson,35
93,Logan,Martinez,34
94,Layla,Brown,32
95,Caleb,Johnson,29
96,Addison,Baker,25
97,Mason,Nelson,24
98,Ruby,White,23
99,James,Gonzalez,31
100,Sofia,Reyes,30
1,John,Doe,25
2,Alice,Smith,30
3,Bob,Johnson,22
4,Emma,Brown,28
5,Liam,Jones,35
6,Olivia,Miller,27
7,Noah,Davis,24
8,Ava,García,29
9,Elijah,Rodriguez,32
10,Sophia,Martinez,21
11,James,Hernandez,33
12,Mia,Lopez,26
13,William,Walker,34
14,Isabella,Hall,23
15,Oliver,Young,31
16,Charlotte,Allen,28
17,Lucas,Sanchez,25
18,Amelia,Wright,22
19,Henry,King,27
20,Evelyn,Scott,30
21,Alexander,Green,26
22,Harper,Adams,29
23,Jackson,Baker,24
24,Grace,Nelson,35
25,Daniel,Carter,32
26,Sofia,Mitchell,21
27,Matthew,Perez,33
28,Chloe,Roberts,30
29,David,Turner,28
30,Layla,Phillips,25
31,Joseph,Campbell,24
32,Scarlett,Evans,27
33,Samuel,Torres,22
34,Aria,Edwards,29
35,Isaiah,Stewart,35
36,Zoe,Flores,32
37,Andrew,Nguyen,31
38,Ruby,Washington,26
39,Wyatt,Butler,25
40,Lily,Simmons,28
41,Caleb,Hughes,22
42,Nora,Price,27
43,Anthony,James,24
44,Ellie,Kim,29
45,Christopher,Gray,34
46,Addison,Reyes,21
47,Dylan,Bennett,33
48,Aubrey,Wood,30
49,Lucas,James,35
50,Mila,Morris,26
51,Henry,Howard,32
52,Lucy,Thompson,21
53,Matthew,Garcia,28
54,Chloe,Martinez,29
55,Ethan,Robinson,30
56,Samantha,Clark,27
57,Owen,Lopez,22
58,Ava,Wilson,35
59,Isabella,Walker,34
60,Oliver,Allen,33
61,Grace,Young,30
62,James,Scott,25
63,Sophia,Lee,26
64,Liam,Hall,29
65,Mia,Hernandez,31
66,William,King,24
67,Harper,Wright,22
68,Jackson,Brown,28
69,Abigail,Nelson,27
70,Lucas,Torres,35
71,Evelyn,Roberts,32
72,Zoe,Evans,29
73,Sofia,Stewart,30
74,Benjamin,Turner,25
75,Ruby,Phillips,28
76,Isaiah,Carter,21
77,Nora,Mitchell,33
78,Dylan,Campbell,34
79,Lily,Baker,26
80,Oliver,Adams,22
81,Aubrey,Young,35
82,Jack,Hall,30
83,Leah,Walker,29
84,Emily,Martinez,24
85,Jacob,James,27
86,Chloe,Wilson,23
87,Henry,Lopez,31
88,Grace,Lee,30
89,Isaiah,Robinson,28
90,Evelyn,Hernandez,26
91,Owen,Garcia,21
92,Samantha,Thompson,35
93,Logan,Martinez,34
94,Layla,Brown,32
95,Caleb,Johnson,29
96,Addison,Baker,25
97,Mason,Nelson,24
98,Ruby,White,23
99,James,Gonzalez,31
100,Sofia,Reyes,30
1,John,Doe,25
2,Alice,Smith,30
3,Bob,Johnson,22
4,Emma,Brown,28
5,Liam,Jones,35
6,Olivia,Miller,27
7,Noah,Davis,24
8,Ava,García,29
9,Elijah,Rodriguez,32
10,Sophia,Martinez,21
11,James,Hernandez,33
12,Mia,Lopez,26
13,William,Walker,34
14,Isabella,Hall,23
15,Oliver,Young,31
16,Charlotte,Allen,28
17,Lucas,Sanchez,25
18,Amelia,Wright,22
19,Henry,King,27
20,Evelyn,Scott,30
21,Alexander,Green,26
22,Harper,Adams,29
23,Jackson,Baker,24
24,Grace,Nelson,35
25,Daniel,Carter,32
26,Sofia,Mitchell,21
27,Matthew,Perez,33
28,Chloe,Roberts,30
29,David,Turner,28
30,Layla,Phillips,25
31,Joseph,Campbell,24
32,Scarlett,Evans,27
33,Samuel,Torres,22
34,Aria,Edwards,29
35,Isaiah,Stewart,35
36,Zoe,Flores,32
37,Andrew,Nguyen,31
38,Ruby,Washington,26
39,Wyatt,Butler,25
40,Lily,Simmons,28
41,Caleb,Hughes,22
42,Nora,Price,27
43,Anthony,James,24
44,Ellie,Kim,29
45,Christopher,Gray,34
46,Addison,Reyes,21
47,Dylan,Bennett,33
48,Aubrey,Wood,30
49,Lucas,James,35
50,Mila,Morris,26
51,Henry,Howard,32
52,Lucy,Thompson,21
53,Matthew,Garcia,28
54,Chloe,Martinez,29
55,Ethan,Robinson,30
56,Samantha,Clark,27
57,Owen,Lopez,22
58,Ava,Wilson,35
59,Isabella,Walker,34
60,Oliver,Allen,33
61,Grace,Young,30
62,James,Scott,25
63,Sophia,Lee,26
64,Liam,Hall,29
65,Mia,Hernandez,31
66,William,King,24
67,Harper,Wright,22
68,Jackson,Brown,28
69,Abigail,Nelson,27
70,Lucas,Torres,35
71,Evelyn,Roberts,32
72,Zoe,Evans,29
73,Sofia,Stewart,30
74,Benjamin,Turner,25
75,Ruby,Phillips,28
76,Isaiah,Carter,21
77,Nora,Mitchell,33
78,Dylan,Campbell,34
79,Lily,Baker,26
80,Oliver,Adams,22
81,Aubrey,Young,35
82,Jack,Hall,30
83,Leah,Walker,29
84,Emily,Martinez,24
85,Jacob,James,27
86,Chloe,Wilson,23
87,Henry,Lopez,31
88,Grace,Lee,30
89,Isaiah,Robinson,28
90,Evelyn,Hernandez,26
91,Owen,Garcia,21
92,Samantha,Thompson,35
93,Logan,Martinez,34
94,Layla,Brown,32
95,Caleb,Johnson,29
96,Addison,Baker,25
97,Mason,Nelson,24
98,Ruby,White,23
99,James,Gonzalez,31
100,Sofia,Reyes,30
1,John,Doe,25
2,Alice,Smith,30
3,Bob,Johnson,22
4,Emma,Brown,28
5,Liam,Jones,35
6,Olivia,Miller,27
7,Noah,Davis,24
8,Ava,García,29
9,Elijah,Rodriguez,32
10,Sophia,Martinez,21
11,James,Hernandez,33
12,Mia,Lopez,26
13,William,Walker,34
14,Isabella,Hall,23
15,Oliver,Young,31
16,Charlotte,Allen,28
17,Lucas,Sanchez,25
18,Amelia,Wright,22
19,Henry,King,27
20,Evelyn,Scott,30
21,Alexander,Green,26
22,Harper,Adams,29
23,Jackson,Baker,24
24,Grace,Nelson,35
25,Daniel,Carter,32
26,Sofia,Mitchell,21
27,Matthew,Perez,33
28,Chloe,Roberts,30
29,David,Turner,28
30,Layla,Phillips,25
31,Joseph,Campbell,24
32,Scarlett,Evans,27
33,Samuel,Torres,22
34,Aria,Edwards,29
35,Isaiah,Stewart,35
36,Zoe,Flores,32
37,Andrew,Nguyen,31
38,Ruby,Washington,26
39,Wyatt,Butler,25
40,Lily,Simmons,28
41,Caleb,Hughes,22
42,Nora,Price,27
43,Anthony,James,24
44,Ellie,Kim,29
45,Christopher,Gray,34
46,Addison,Reyes,21
47,Dylan,Bennett,33
48,Aubrey,Wood,30
49,Lucas,James,35
50,Mila,Morris,26
51,Henry,Howard,32
52,Lucy,Thompson,21
53,Matthew,Garcia,28
54,Chloe,Martinez,29
55,Ethan,Robinson,30
56,Samantha,Clark,27
57,Owen,Lopez,22
58,Ava,Wilson,35
59,Isabella,Walker,34
60,Oliver,Allen,33
61,Grace,Young,30
62,James,Scott,25
63,Sophia,Lee,26
64,Liam,Hall,29
65,Mia,Hernandez,31
66,William,King,24
67,Harper,Wright,22
68,Jackson,Brown,28
69,Abigail,Nelson,27
70,Lucas,Torres,35
71,Evelyn,Roberts,32
72,Zoe,Evans,29
73,Sofia,Stewart,30
74,Benjamin,Turner,25
75,Ruby,Phillips,28
76,Isaiah,Carter,21
77,Nora,Mitchell,33
78,Dylan,Campbell,34
79,Lily,Baker,26
80,Oliver,Adams,22
81,Aubrey,Young,35
82,Jack,Hall,30
83,Leah,Walker,29
84,Emily,Martinez,24
85,Jacob,James,27
86,Chloe,Wilson,23
87,Henry,Lopez,31
88,Grace,Lee,30
89,Isaiah,Robinson,28
90,Evelyn,Hernandez,26
91,Owen,Garcia,21
92,Samantha,Thompson,35
93,Logan,Martinez,34
94,Layla,Brown,32
95,Caleb,Johnson,29
96,Addison,Baker,25
97,Mason,Nelson,24
98,Ruby,White,23
99,James,Gonzalez,31
100,Sofia,Reyes,30
1,John,Doe,25
2,Alice,Smith,30
3,Bob,Johnson,22
4,Emma,Brown,28
5,Liam,Jones,35
6,Olivia,Miller,27
7,Noah,Davis,24
8,Ava,García,29
9,Elijah,Rodriguez,32
10,Sophia,Martinez,21
11,James,Hernandez,33
12,Mia,Lopez,26
13,William,Walker,34
14,Isabella,Hall,23
15,Oliver,Young,31
16,Charlotte,Allen,28
17,Lucas,Sanchez,25
18,Amelia,Wright,22
19,Henry,King,27
20,Evelyn,Scott,30
21,Alexander,Green,26
22,Harper,Adams,29
23,Jackson,Baker,24
24,Grace,Nelson,35
25,Daniel,Carter,32
26,Sofia,Mitchell,21
27,Matthew,Perez,33
28,Chloe,Roberts,30
29,David,Turner,28
30,Layla,Phillips,25
31,Joseph,Campbell,24
32,Scarlett,Evans,27
33,Samuel,Torres,22
34,Aria,Edwards,29
35,Isaiah,Stewart,35
36,Zoe,Flores,32
37,Andrew,Nguyen,31
38,Ruby,Washington,26
39,Wyatt,Butler,25
40,Lily,Simmons,28
41,Caleb,Hughes,22
42,Nora,Price,27
43,Anthony,James,24
44,Ellie,Kim,29
45,Christopher,Gray,34
46,Addison,Reyes,21
47,Dylan,Bennett,33
48,Aubrey,Wood,30
49,Lucas,James,35
50,Mila,Morris,26
51,Henry,Howard,32
52,Lucy,Thompson,21
53,Matthew,Garcia,28
54,Chloe,Martinez,29
55,Ethan,Robinson,30
56,Samantha,Clark,27
57,Owen,Lopez,22
58,Ava,Wilson,35
59,Isabella,Walker,34
60,Oliver,Allen,33
61,Grace,Young,30
62,James,Scott,25
63,Sophia,Lee,26
64,Liam,Hall,29
65,Mia,Hernandez,31
66,William,King,24
67,Harper,Wright,22
68,Jackson,Brown,28
69,Abigail,Nelson,27
70,Lucas,Torres,35
71,Evelyn,Roberts,32
72,Zoe,Evans,29
73,Sofia,Stewart,30
74,Benjamin,Turner,25
75,Ruby,Phillips,28
76,Isaiah,Carter,21
77,Nora,Mitchell,33
78,Dylan,Campbell,34
79,Lily,Baker,26
80,Oliver,Adams,22
81,Aubrey,Young,35
82,Jack,Hall,30
83,Leah,Walker,29
84,Emily,Martinez,24
85,Jacob,James,27
86,Chloe,Wilson,23
87,Henry,Lopez,31
88,Grace,Lee,30
89,Isaiah,Robinson,28
90,Evelyn,Hernandez,26
91,Owen,Garcia,21
92,Samantha,Thompson,35
93,Logan,Martinez,34
94,Layla,Brown,32
95,Caleb,Johnson,29
96,Addison,Baker,25
97,Mason,Nelson,24
98,Ruby,White,23
99,James,Gonzalez,31
100,Sofia,Reyes,30
1,John,Doe,25
2,Alice,Smith,30
3,Bob,Johnson,22
4,Emma,Brown,28
5,Liam,Jones,35
6,Olivia,Miller,27
7,Noah,Davis,24
8,Ava,García,29
9,Elijah,Rodriguez,32
10,Sophia,Martinez,21
11,James,Hernandez,33
12,Mia,Lopez,26
13,William,Walker,34
14,Isabella,Hall,23
15,Oliver,Young,31
16,Charlotte,Allen,28
17,Lucas,Sanchez,25
18,Amelia,Wright,22
19,Henry,King,27
20,Evelyn,Scott,30
21,Alexander,Green,26
22,Harper,Adams,29
23,Jackson,Baker,24
24,Grace,Nelson,35
25,Daniel,Carter,32
26,Sofia,Mitchell,21
27,Matthew,Perez,33
28,Chloe,Roberts,30
29,David,Turner,28
30,Layla,Phillips,25
31,Joseph,Campbell,24
32,Scarlett,Evans,27
33,Samuel,Torres,22
34,Aria,Edwards,29
35,Isaiah,Stewart,35
36,Zoe,Flores,32
37,Andrew,Nguyen,31
38,Ruby,Washington,26
39,Wyatt,Butler,25
40,Lily,Simmons,28
41,Caleb,Hughes,22
42,Nora,Price,27
43,Anthony,James,24
44,Ellie,Kim,29
45,Christopher,Gray,34
46,Addison,Reyes,21
47,Dylan,Bennett,33
48,Aubrey,Wood,30
49,Lucas,James,35
50,Mila,Morris,26
51,Henry,Howard,32
52,Lucy,Thompson,21
53,Matthew,Garcia,28
54,Chloe,Martinez,29
55,Ethan,Robinson,30
56,Samantha,Clark,27
57,Owen,Lopez,22
58,Ava,Wilson,35
59,Isabella,Walker,34
60,Oliver,Allen,33
61,Grace,Young,30
62,James,Scott,25
63,Sophia,Lee,26
64,Liam,Hall,29
65,Mia,Hernandez,31
66,William,King,24
67,Harper,Wright,22
68,Jackson,Brown,28
69,Abigail,Nelson,27
70,Lucas,Torres,35
71,Evelyn,Roberts,32
72,Zoe,Evans,29
73,Sofia,Stewart,30
74,Benjamin,Turner,25
75,Ruby,Phillips,28
76,Isaiah,Carter,21
77,Nora,Mitchell,33
78,Dylan,Campbell,34
79,Lily,Baker,26
80,Oliver,Adams,22
81,Aubrey,Young,35
82,Jack,Hall,30
83,Leah,Walker,29
84,Emily,Martinez,24
85,Jacob,James,27
86,Chloe,Wilson,23
87,Henry,Lopez,31
88,Grace,Lee,30
89,Isaiah,Robinson,28
90,Evelyn,Hernandez,26
91,Owen,Garcia,21
92,Samantha,Thompson,35
93,Logan,Martinez,34
94,Layla,Brown,32
95,Caleb,Johnson,29
96,Addison,Baker,25
97,Mason,Nelson,24
98,Ruby,White,23
99,James,Gonzalez,31
100,Sofia,Reyes,52